"COUNTRY","COUNTRY_GRP","SEX","YEAR","VALUE"
"UZB","","ALL","1985","48.13"
"MLT","","ALL","2005","5.45"
"UZB","","ALL","1986","50.66"
"ARM","","ALL","1982","24.23"
"SVK","","ALL","2011","7"
"UKR","","ALL","1990","31.89"
"MLT","","ALL","2012","10.01"
"RUS","","ALL","1992","35.84"
"ALB","","ALL","1988","24.19"
"UKR","","ALL","1985","47.25"
"FIN","","ALL","1981","45.92"
"AND","","ALL","2013","6.56"
"SVK","","ALL","2013","7.35"
"SRB","","ALL","2012","25.99"
"UZB","","ALL","1984","48.38"
"GEO","","ALL","2015","84.57"
"HUN","","ALL","1983","47.04"
"KAZ","","ALL","2012","107.23"
"SVK","","ALL","2012","5.94"
"MLT","","ALL","2013","11.81"
"HUN","","ALL","1980","50.53"
"DNK","","ALL","2003","7.26"
"LVA","","ALL","1984","41.14"
"GBR","","ALL","2003","11.97"
"DNK","","ALL","1995","8.57"
"DNK","","ALL","2006","6.29"
"DNK","","ALL","2001","9.22"
"NOR","","ALL","2002","5.35"
"","CIS","ALL","1983","53.18"
"BIH","","ALL","2009","44.94"
"","CARINFONET","ALL","2014","72.95"
"ROU","","ALL","1996","106.99"
"AND","","ALL","2010","8.28"
"DNK","","ALL","2007","6.5"
"MLT","","ALL","2004","4.49"
"UKR","","ALL","1988","40.38"
"GBR","","ALL","2004","11.76"
"EST","","ALL","2016","14.36"
"","WHO_EURO","ALL","1993","31.65"
"GBR","","ALL","1999","10.54"
"SVN","","ALL","1981","49.52"
"","WHO_EURO","ALL","2014","30.57"
"ROU","","ALL","1993","89.43"
"FIN","","ALL","1983","38.76"
"UKR","","ALL","1986","44.92"
"SVN","","ALL","1982","51.4"
"DNK","","ALL","2008","6.01"
"AUT","","ALL","1982","25.64"
"RUS","","ALL","2014","71.35"
"GRC","","ALL","2005","6.24"
"AZE","","ALL","2009","105.75"
"GEO","","ALL","1995","34.32"
"MLT","","ALL","1994","6.8"
"EST","","ALL","2009","26.83"
"EST","","ALL","2015","15.69"
"SVN","","ALL","1983","48.12"
"FRA","","ALL","1982","28.31"
"UKR","","ALL","1992","34.95"
"ROU","","ALL","2010","86.74"
"ROU","","ALL","1995","102.6"
"BIH","","ALL","2011","35.42"
"DNK","","ALL","2009","5.29"
"GBR","","ALL","1998","10.56"
"DNK","","ALL","1997","10.48"
"SVK","","ALL","1986","38.94"
"","CIS","ALL","2015","67.41"
"","SEEHN","ALL","2006","68.5"
"SVK","","ALL","2010","7.53"
"GEO","","ALL","1993","72.81"
"ROU","","ALL","1991","66.78"
"LTU","","ALL","1987","37.94"
"AND","","ALL","2012","11.66"
"MLT","","ALL","2002","6.06"
"EST","","ALL","2006","31.33"
"GRC","","ALL","2007","5.49"
"LTU","","ALL","1986","39.45"
"FIN","","ALL","1986","31.43"
"MLT","","ALL","2014","10.77"
"ARM","","ALL","2004","51.65"
"IRL","","ALL","1990","17.81"
"CZE","","ALL","2016","4.84"
"ISL","","ALL","1980","10.96"
"MLT","","ALL","2000","4.15"
"GBR","","ALL","2010","12.56"
"CHE","","ALL","2013","5.76"
"FIN","","ALL","1984","36.69"
"DNK","","ALL","2004","6.59"
"NOR","","ALL","2003","7.29"
"KAZ","","ALL","2013","111.29"
"DNK","","ALL","2005","7.29"
"GRC","","ALL","2010","3.92"
"TUR","","ALL","2014","16.91"
"","EU_AFTER_MAY2004","ALL","2015","25.57"
"MLT","","ALL","1999","5.8"
"","EU_AFTER_MAY2004","ALL","2012","29.04"
"BEL","","ALL","2004","10.82"
"SVK","","ALL","2009","8.36"
"NOR","","ALL","2006","5.94"
"KAZ","","ALL","2007","172.5"
"FIN","","ALL","1988","21.79"
"","NORDIC","ALL","2015","6.27"
"GBR","","ALL","2009","13.11"
"FRA","","ALL","1983","25.27"
"TKM","","ALL","2015","56.35"
"FRA","","ALL","2000","10.39"
"DNK","","ALL","2000","11"
"GBR","","ALL","2006","13.63"
"GBR","","ALL","2005","13.57"
"MKD","","ALL","2014","13.68"
"BEL","","ALL","2002","11.72"
"","NORDIC","ALL","1999","7.7"
"SVN","","ALL","1984","46.37"
"GRC","","ALL","2011","4.02"
"MLT","","ALL","1993","7.13"
"ALB","","ALL","2013","16.36"
"","NORDIC","ALL","1989","9.39"
"MCO","","ALL","2015","0"
"NOR","","ALL","2004","6.18"
"BLR","","ALL","2015","39.65"
"DNK","","ALL","1999","11.04"
"FRA","","ALL","1985","20.46"
"GEO","","ALL","1992","39.4"
"MLT","","ALL","2001","4.07"
"UKR","","ALL","1987","43.22"
"UKR","","ALL","1991","32.3"
"","EU_AFTER_MAY2004","ALL","1997","51.54"
"SMR","","ALL","2004","0"
"ROU","","ALL","1994","94.24"
"","SMALL","ALL","2012","9.22"
"AUT","","ALL","1983","24.13"
"ROU","","ALL","1983","60.17"
"UZB","","ALL","1980","57.5"
"MLT","","ALL","1985","3.29"
"FIN","","ALL","2000","10.18"
"","CARINFONET","ALL","2016","63.67"
"IRL","","ALL","1981","29.56"
"BIH","","ALL","2013","32.85"
"SVN","","ALL","2015","6.25"
"","EU_MEMBERS","ALL","1985","25.29"
"PRT","","ALL","1981","73.58"
"AND","","ALL","2008","4.77"
"","EU_AFTER_MAY2004","ALL","2010","32.14"
"FIN","","ALL","1998","12.21"
"AND","","ALL","2009","9.49"
"KAZ","","ALL","2006","173.89"
"PRT","","ALL","2002","42.05"
"HUN","","ALL","2001","28.69"
"HUN","","ALL","2009","12.69"
"","EU_MEMBERS","ALL","2013","12.08"
"","SEEHN","ALL","1995","63.93"
"NOR","","ALL","1997","4.65"
"GRC","","ALL","2008","5.21"
"KGZ","","ALL","2013","123.69"
"DNK","","ALL","2010","5.97"
"GBR","","ALL","2007","13.09"
"","EU_BEFORE_MAY2004","ALL","2016","7.62"
"NOR","","ALL","1996","4.95"
"NOR","","ALL","2005","5.97"
"NOR","","ALL","1992","6.72"
"NOR","","ALL","1991","6.8"
"FRA","","ALL","1989","16.07"
"FRA","","ALL","1987","18.41"
"BIH","","ALL","2001","65.74"
"BGR","","ALL","2016","21.49"
"ISL","","ALL","2009","2.82"
"GRC","","ALL","2006","5.54"
"","EU_AFTER_MAY2004","ALL","2013","27.81"
"NOR","","ALL","1999","4.77"
"UKR","","ALL","2009","78.64"
"LUX","","ALL","1980","19.52"
"SMR","","ALL","2003","3.7"
"ROU","","ALL","1989","63.39"
"UZB","","ALL","2000","63.89"
"","EU_BEFORE_MAY2004","ALL","1996","13.65"
"ROU","","ALL","1980","61.05"
"ISL","","ALL","2015","2.12"
"GBR","","ALL","1996","10.72"
"","EU_AFTER_MAY2004","ALL","1995","51.7"
"AZE","","ALL","1998","59.04"
"","EU_AFTER_MAY2004","ALL","2001","50.32"
"ALB","","ALL","1985","30.97"
"","SMALL","ALL","2008","9.54"
"AND","","ALL","2005","12.87"
"MLT","","ALL","1996","7.51"
"GBR","","ALL","1990","10.32"
"","EU_MEMBERS","ALL","2010","13.89"
"AND","","ALL","1997","29.28"
"AND","","ALL","2002","7.49"
"HUN","","ALL","2007","15.31"
"HUN","","ALL","2011","12.83"
"LTU","","ALL","1984","40.39"
"","EU_MEMBERS","ALL","1984","25.92"
"PRT","","ALL","1982","73.74"
"POL","","ALL","2010","18.41"
"","WHO_EURO","ALL","1999","43.44"
"NOR","","ALL","2000","4.94"
"TKM","","ALL","1983","49.51"
"TJK","","ALL","2014","70"
"ISL","","ALL","2014","2.44"
"ALB","","ALL","2014","14.12"
"ALB","","ALL","1990","19.87"
"FRA","","ALL","1984","22.39"
"FRA","","ALL","1986","19.02"
"RUS","","ALL","1989","42.75"
"PRT","","ALL","1987","70.78"
"AZE","","ALL","2004","65.06"
"LUX","","ALL","1982","11.21"
"AZE","","ALL","2000","64.45"
"AZE","","ALL","2003","46.7"
"SMR","","ALL","2000","3.73"
"AND","","ALL","2011","3.68"
"","SEEHN","ALL","2015","42.03"
"AND","","ALL","2003","15.77"
"AND","","ALL","2004","9.38"
"FRA","","ALL","1990","15.92"
"HUN","","ALL","2005","17.92"
"ESP","","ALL","1981","14.71"
"AZE","","ALL","2011","99.7"
"UZB","","ALL","1998","60.78"
"","NORDIC","ALL","1988","9.7"
"","SMALL","ALL","2016","7.94"
"AND","","ALL","2007","6.08"
"MLT","","ALL","1983","7.29"
"","SMALL","ALL","2007","10.29"
"SWE","","ALL","1984","9.04"
"FIN","","ALL","1995","12.94"
"LVA","","ALL","2011","41.95"
"LVA","","ALL","2009","44.26"
"ESP","","ALL","2006","17.73"
"ALB","","ALL","2012","14.07"
"","CARINFONET","ALL","2015","68.8"
"","SEEHN","ALL","2016","38.86"
"LVA","","ALL","1988","35.35"
"BEL","","ALL","2003","10.25"
"","SEEHN","ALL","2005","72.79"
"UKR","","ALL","1989","39.18"
"ROU","","ALL","1992","79.41"
"","WHO_EURO","ALL","2000","43.28"
"PRT","","ALL","1989","66.61"
"EST","","ALL","2012","19.58"
"","NORDIC","ALL","2001","6.75"
"LTU","","ALL","1993","51.46"
"LTU","","ALL","2015","48.46"
"UKR","","ALL","2014","70.44"
"ALB","","ALL","2011","14.53"
"UZB","","ALL","1990","46.1"
"SMR","","ALL","1997","3.86"
"AZE","","ALL","2002","62.92"
"SMR","","ALL","1998","0"
"MDA","","ALL","2014","114.1"
"UZB","","ALL","2003","94.59"
"ROU","","ALL","1981","60.85"
"HUN","","ALL","2010","15.28"
"","EU_BEFORE_MAY2004","ALL","2014","7.5"
"KAZ","","ALL","2004","189.38"
"ROU","","ALL","1986","56.35"
"HUN","","ALL","2008","14.23"
"ARM","","ALL","1980","24.36"
"DNK","","ALL","1996","9.2"
"FIN","","ALL","1999","10.94"
"KAZ","","ALL","2002","185.44"
"ALB","","ALL","1984","33.61"
"FIN","","ALL","1994","10.87"
"AND","","ALL","1998","12.2"
"KAZ","","ALL","2005","189.01"
"","EU_AFTER_MAY2004","ALL","1987","45.47"
"ALB","","ALL","2007","14.75"
"","WHO_EURO","ALL","2004","43.14"
"LVA","","ALL","2013","43.33"
"LVA","","ALL","2008","48.04"
"BIH","","ALL","2006","47.18"
"BIH","","ALL","2010","34.37"
"GBR","","ALL","1994","10.71"
"GBR","","ALL","1997","10.9"
"NOR","","ALL","1998","5.51"
"","CIS","ALL","1995","52.39"
"GBR","","ALL","2000","10.56"
"ARM","","ALL","1993","17.03"
"SVN","","ALL","1980","57.22"
"NOR","","ALL","1990","6.72"
"FRA","","ALL","1981","30.5"
"AUT","","ALL","2011","8.02"
"FRA","","ALL","1988","16.45"
"LTU","","ALL","1991","42.01"
"ISR","","ALL","2006","4.82"
"UZB","","ALL","1995","43.06"
"CYP","","ALL","2006","4.77"
"AZE","","ALL","1999","58.3"
"UZB","","ALL","2006","90.24"
"LTU","","ALL","2013","53.18"
"MCO","","ALL","2014","0"
"UZB","","ALL","2013","68.82"
"ROU","","ALL","1987","58.24"
"AND","","ALL","2006","15.02"
"UZB","","ALL","2012","49.81"
"HUN","","ALL","2013","10.51"
"AUT","","ALL","2014","6.62"
"FIN","","ALL","1992","13.88"
"","SMALL","ALL","2009","8.92"
"ROU","","ALL","1985","55.78"
"LTU","","ALL","1981","46.58"
"","WHO_EURO","ALL","2007","39.94"
"","EU_AFTER_MAY2004","ALL","1996","52.79"
"GBR","","ALL","1989","10.62"
"MLT","","ALL","1984","4.52"
"GBR","","ALL","1993","11.23"
"","SMALL","ALL","1996","11.35"
"","NORDIC","ALL","2014","5.67"
"","EU_MEMBERS","ALL","2003","20.09"
"HUN","","ALL","2004","22.27"
"HUN","","ALL","2000","30.1"
"DNK","","ALL","2015","5.64"
"PRT","","ALL","1986","66.02"
"PRT","","ALL","1985","68.73"
"PRT","","ALL","1984","69.15"
"","WHO_EURO","ALL","2001","42.45"
"PRT","","ALL","1980","69.54"
"CYP","","ALL","2002","2.82"
"TUR","","ALL","1990","44.39"
"TUR","","ALL","1992","44.67"
"GEO","","ALL","1989","29.73"
"FIN","","ALL","1980","47.01"
"","NORDIC","ALL","1998","7.77"
"NOR","","ALL","2010","6.03"
"RUS","","ALL","1996","75.8"
"UZB","","ALL","2016","52.97"
"AZE","","ALL","2006","66.26"
"AZE","","ALL","2005","71.9"
"","EU_BEFORE_MAY2004","ALL","1991","14.76"
"","CIS","ALL","2013","76.54"
"","EU_BEFORE_MAY2004","ALL","1997","13.49"
"AZE","","ALL","1994","38.41"
"FRA","","ALL","2001","9.82"
"UZB","","ALL","1999","62.03"
"PRT","","ALL","2010","24.61"
"ISL","","ALL","2008","1.88"
"FIN","","ALL","1997","11.15"
"ROU","","ALL","1982","60.45"
"","EU_AFTER_MAY2004","ALL","1993","49.17"
"RUS","","ALL","1986","49.78"
"FIN","","ALL","1990","15.48"
"","EU_AFTER_MAY2004","ALL","1985","49.58"
"","EU_MEMBERS","ALL","1987","23.14"
"BLR","","ALL","2010","53.72"
"EST","","ALL","1985","35.39"
"HUN","","ALL","2003","26.85"
"","EU_MEMBERS","ALL","2012","12.61"
"MLT","","ALL","1981","8.12"
"","CARINFONET","ALL","1983","63.99"
"","SEEHN","ALL","1991","50.02"
"AND","","ALL","1996","26.49"
"DNK","","ALL","1993","7.92"
"IRL","","ALL","1991","18.15"
"","SEEHN","ALL","2004","76.77"
"","SEEHN","ALL","1994","64.11"
"ESP","","ALL","2012","12.14"
"EST","","ALL","2004","39.41"
"FRA","","ALL","2016","7.23"
"KAZ","","ALL","2010","143.35"
"ARM","","ALL","1981","29.8"
"","WHO_EURO","ALL","1983","38.11"
"NOR","","ALL","1986","8.23"
"UZB","","ALL","1982","51.9"
"NOR","","ALL","2007","6.01"
"","NORDIC","ALL","2003","6.23"
"NOR","","ALL","2008","6.23"
"UZB","","ALL","1994","66.27"
"AZE","","ALL","2001","60.39"
"GRC","","ALL","2014","4.4"
"","EU_AFTER_MAY2004","ALL","2004","46.2"
"AZE","","ALL","1996","33.12"
"ROU","","ALL","2015","72.91"
"UZB","","ALL","2004","78.44"
"ROU","","ALL","1984","57.25"
"UZB","","ALL","2002","81.47"
"","WHO_EURO","ALL","1994","33.08"
"BLR","","ALL","1995","47.62"
"FIN","","ALL","1996","12.59"
"FIN","","ALL","1989","19.54"
"FIN","","ALL","1993","10.7"
"PRT","","ALL","2011","23.64"
"AUT","","ALL","1981","27.23"
"BLR","","ALL","2003","60.39"
"ROU","","ALL","1990","70.05"
"ISL","","ALL","2013","3.4"
"PRT","","ALL","2012","23.68"
"ALB","","ALL","1997","19.7"
"","WHO_EURO","ALL","2006","41.28"
"MLT","","ALL","1982","3.99"
"LVA","","ALL","2012","47.14"
"LVA","","ALL","2007","55.76"
"BIH","","ALL","2000","65.61"
"GBR","","ALL","2002","11.61"
"","CARINFONET","ALL","2013","83.6"
"MLT","","ALL","2003","1.76"
"GBR","","ALL","2001","10.21"
"BIH","","ALL","2008","44.74"
"NOR","","ALL","1989","6.03"
"CYP","","ALL","2003","4.85"
"","SMALL","ALL","2011","7.93"
"EST","","ALL","1990","26.96"
"NOR","","ALL","1995","5.41"
"FRA","","ALL","1980","32.02"
"BLR","","ALL","1981","63.9"
"ISR","","ALL","2014","4.55"
"MKD","","ALL","2006","27.5"
"ISR","","ALL","2007","5.52"
"AZE","","ALL","2008","86.35"
"AZE","","ALL","2007","64.34"
"AZE","","ALL","1993","41.4"
"LTU","","ALL","2009","59.91"
"ALB","","ALL","2016","14.29"
"AZE","","ALL","1997","61.5"
"FRA","","ALL","1992","15"
"ROU","","ALL","1988","61.32"
"AUT","","ALL","2016","7.23"
"HUN","","ALL","2006","16.75"
"AND","","ALL","2014","8.24"
"PRT","","ALL","2007","28.04"
"KAZ","","ALL","2008","147.63"
"AUT","","ALL","1984","23.34"
"HUN","","ALL","1997","41.2"
"BEL","","ALL","1990","15.82"
"MLT","","ALL","1995","2.97"
"","NORDIC","ALL","1982","16.83"
"MLT","","ALL","1992","8.3"
"ESP","","ALL","2000","19.9"
"BEL","","ALL","1993","14.91"
"","WHO_EURO","ALL","2005","42.07"
"HUN","","ALL","2002","26.78"
"ALB","","ALL","2009","15.2"
"","WHO_EURO","ALL","2003","50.8"
"ALB","","ALL","1996","22.48"
"AZE","","ALL","2010","83.39"
"PRT","","ALL","1988","63.51"
"PRT","","ALL","1983","70.84"
"ESP","","ALL","1987","24.45"
"POL","","ALL","2007","21.04"
"CZE","","ALL","2008","7.74"
"ESP","","ALL","1988","21.89"
"TUR","","ALL","1996","33.31"
"GBR","","ALL","1995","10.64"
"CHE","","ALL","2007","5.56"
"TKM","","ALL","2016","38.69"
"MKD","","ALL","2005","29.36"
"UKR","","ALL","2016","65.1"
"","CIS","ALL","1997","73.39"
"SVK","","ALL","2005","13.18"
"","EU_AFTER_MAY2004","ALL","2011","31.05"
"","EU_BEFORE_MAY2004","ALL","1990","15.15"
"","EU_BEFORE_MAY2004","ALL","1994","15.26"
"RUS","","ALL","2004","84.43"
"BIH","","ALL","2016","23.86"
"","SMALL","ALL","2015","7.35"
"FRA","","ALL","1994","15.7"
"UZB","","ALL","2001","69.66"
"","SMALL","ALL","2001","10.3"
"FIN","","ALL","1991","15.38"
"","NORDIC","ALL","2008","5.89"
"","EU_MEMBERS","ALL","2004","17.76"
"AUT","","ALL","1999","13.58"
"LVA","","ALL","1980","47.54"
"GRC","","ALL","2004","6.64"
"AZE","","ALL","1983","49.21"
"ESP","","ALL","2014","10.42"
"ITA","","ALL","1988","6.28"
"GBR","","ALL","1991","10.6"
"MLT","","ALL","1980","7.55"
"","WHO_EURO","ALL","1989","31.63"
"AND","","ALL","1999","15.17"
"AND","","ALL","2001","15.13"
"","CARINFONET","ALL","2010","89.29"
"BEL","","ALL","1995","13.61"
"BEL","","ALL","1991","14.61"
"LVA","","ALL","1982","42.55"
"BEL","","ALL","2005","10.27"
"IRL","","ALL","1983","26.34"
"BIH","","ALL","2014","31.33"
"LVA","","ALL","1986","37.77"
"KGZ","","ALL","1980","54.54"
"DEU","","ALL","1991","16.85"
"SWE","","ALL","2014","6.54"
"","EU_MEMBERS","ALL","2016","10.95"
"NOR","","ALL","1987","7.33"
"FIN","","ALL","1985","37.11"
"BEL","","ALL","1986","19.19"
"FIN","","ALL","1982","44.96"
"","NORDIC","ALL","2007","5.66"
"LTU","","ALL","1994","58.38"
"","EU_AFTER_MAY2004","ALL","1986","47.18"
"SMR","","ALL","1994","8.16"
"FRA","","ALL","2015","6.98"
"","CIS","ALL","2014","70.41"
"UZB","","ALL","2007","73.62"
"","EU_MEMBERS","ALL","2015","11.24"
"","SEEHN","ALL","1993","60.4"
"","NORDIC","ALL","2011","6"
"GEO","","ALL","1986","34.62"
"","SEEHN","ALL","1989","49.94"
"AZE","","ALL","2016","52.28"
"","EU_AFTER_MAY2004","ALL","1989","41.69"
"HUN","","ALL","1994","40.25"
"","NORDIC","ALL","2009","6.33"
"","CARINFONET","ALL","2001","103.26"
"PRT","","ALL","2006","30.64"
"POL","","ALL","2013","18.52"
"RUS","","ALL","2000","97.35"
"AUT","","ALL","1993","16.03"
"DEU","","ALL","2003","8.51"
"SVK","","ALL","2007","11.52"
"GBR","","ALL","2015","9.05"
"LVA","","ALL","2010","43.53"
"NOR","","ALL","1983","9.59"
"SVK","","ALL","2002","18.13"
"GBR","","ALL","2008","13.43"
"EST","","ALL","1991","26"
"","WHO_EURO","ALL","2013","32.86"
"NOR","","ALL","2001","6.11"
"CYP","","ALL","1999","5.68"
"TKM","","ALL","1981","55.39"
"","SMALL","ALL","2013","9.05"
"TKM","","ALL","1980","57.9"
"CYP","","ALL","2010","7.31"
"NOR","","ALL","1994","5.58"
"","CIS","ALL","1986","50.85"
"MDA","","ALL","2002","104.03"
"LUX","","ALL","2000","10.03"
"AUT","","ALL","1990","19.81"
"ISR","","ALL","2005","5.35"
"POL","","ALL","1984","61.03"
"POL","","ALL","1986","55.01"
"","EU_AFTER_MAY2004","ALL","2006","41.01"
"BLR","","ALL","2016","33.87"
"","SMALL","ALL","2002","9.45"
"","SEEHN","ALL","1987","50.22"
"FRA","","ALL","1996","13.12"
"","EU_AFTER_MAY2004","ALL","1990","42.65"
"AUT","","ALL","1992","17.27"
"","NORDIC","ALL","2013","6.06"
"ALB","","ALL","2006","15.67"
"RUS","","ALL","2009","93.48"
"","WHO_EURO","ALL","1984","36.9"
"","WHO_EURO","ALL","1986","36.07"
"AUT","","ALL","2000","14.79"
"GRC","","ALL","2009","4.8"
"","NORDIC","ALL","1984","14.29"
"CHE","","ALL","1984","14.69"
"CHE","","ALL","1985","14.85"
"HUN","","ALL","1999","34.5"
"ALB","","ALL","2004","17.49"
"ALB","","ALL","2000","19.4"
"ALB","","ALL","2010","14.8"
"ALB","","ALL","2002","19.26"
"SVN","","ALL","1996","28.27"
"CZE","","ALL","2007","7.65"
"FRA","","ALL","2003","10.02"
"MNE","","ALL","2015","12.78"
"","WHO_EURO","ALL","1998","40.64"
"","WHO_EURO","ALL","1997","41"
"TUR","","ALL","1998","40.83"
"LUX","","ALL","2014","4.31"
"BEL","","ALL","1980","27.27"
"ESP","","ALL","1986","35.63"
"CHE","","ALL","2011","6.62"
"","CIS","ALL","1998","72.94"
"","CIS","ALL","1991","37.37"
"LTU","","ALL","1982","43.24"
"ALB","","ALL","1989","21.84"
"HUN","","ALL","1982","48.4"
"LTU","","ALL","1990","39.78"
"AZE","","ALL","1995","21.9"
"POL","","ALL","1981","67.09"
"SMR","","ALL","1996","0"
"RUS","","ALL","2007","89.6"
"UZB","","ALL","2009","71.93"
"FRA","","ALL","1995","15"
"FRA","","ALL","1993","16.57"
"LVA","","ALL","1983","42.11"
"CHE","","ALL","1993","13.4"
"","SMALL","ALL","2004","9.58"
"LVA","","ALL","1981","45.25"
"","WHO_EURO","ALL","2009","39.65"
"UKR","","ALL","2015","67.27"
"ALB","","ALL","2001","18.08"
"ITA","","ALL","1983","7.48"
"RUS","","ALL","2001","92.15"
"GRC","","ALL","2001","4.59"
"MLT","","ALL","1989","4.56"
"","EU_MEMBERS","ALL","2001","19.56"
"FIN","","ALL","2015","4.85"
"BEL","","ALL","1992","13.29"
"ESP","","ALL","1999","21.18"
"","EU_BEFORE_MAY2004","ALL","1984","18.18"
"DNK","","ALL","1998","9.98"
"","WHO_EURO","ALL","1991","28.59"
"IRL","","ALL","1982","27.99"
"CHE","","ALL","1998","10.55"
"MLT","","ALL","2007","9.34"
"ISL","","ALL","2010","6.92"
"","WHO_EURO","ALL","1992","29.45"
"IRL","","ALL","2014","6.35"
"DEU","","ALL","1993","17.44"
"","EU_AFTER_MAY2004","ALL","1998","53.42"
"UKR","","ALL","1996","46.04"
"LUX","","ALL","1999","8.56"
"ARM","","ALL","1986","25.47"
"","CIS","ALL","1987","49.59"
"CHE","","ALL","2009","6.5"
"NOR","","ALL","2011","6.46"
"AUT","","ALL","1991","18.39"
"POL","","ALL","1980","72.54"
"LTU","","ALL","2010","56.53"
"SMR","","ALL","1995","7.98"
"","SMALL","ALL","2003","10.28"
"ISL","","ALL","2005","3.38"
"","EU_AFTER_MAY2004","ALL","1991","42.54"
"","EU_AFTER_MAY2004","ALL","1994","52.13"
"UZB","","ALL","2005","82.21"
"","EU_BEFORE_MAY2004","ALL","2015","7.5"
"TJK","","ALL","2011","91.2"
"RUS","","ALL","2005","89.39"
"","SMALL","ALL","1990","12.72"
"","EU_MEMBERS","ALL","1997","22.18"
"","SMALL","ALL","1997","11.48"
"","CIS","ALL","1993","43.2"
"HRV","","ALL","1988","62.5"
"CYP","","ALL","2014","4.57"
"ALB","","ALL","1995","19.73"
"GBR","","ALL","1992","11.13"
"","EU_MEMBERS","ALL","2011","13.38"
"NLD","","ALL","2012","5.49"
"BIH","","ALL","2007","62.98"
"SVK","","ALL","2008","10.8"
"BIH","","ALL","2002","44.43"
"SVK","","ALL","2006","12.48"
"BIH","","ALL","1998","74.17"
"ESP","","ALL","2016","10.19"
"CYP","","ALL","2001","5.7"
"EST","","ALL","1989","26.91"
"TJK","","ALL","2005","78.97"
"POL","","ALL","2016","15.99"
"TJK","","ALL","2008","87.64"
"ISR","","ALL","1982","5.76"
"ISR","","ALL","1981","5.75"
"MNE","","ALL","2010","17.76"
"NOR","","ALL","1988","6.98"
"FIN","","ALL","1987","28.77"
"LUX","","ALL","2004","6.77"
"LUX","","ALL","2001","7.02"
"ISR","","ALL","2004","6.7"
"CYP","","ALL","2015","7.38"
"LTU","","ALL","2003","76.51"
"","EU_AFTER_MAY2004","ALL","2009","35.02"
"SMR","","ALL","1993","12.45"
"FRA","","ALL","1997","11.66"
"RUS","","ALL","2008","90.35"
"UZB","","ALL","1997","56.67"
"","SEEHN","ALL","1988","49.89"
"KAZ","","ALL","1995","68.38"
"KAZ","","ALL","2015","79.83"
"CHE","","ALL","1992","14.36"
"AZE","","ALL","1987","53.59"
"RUS","","ALL","2012","73.87"
"HUN","","ALL","1998","38.95"
"ALB","","ALL","1983","31.36"
"","NORDIC","ALL","1986","12.45"
"PRT","","ALL","2004","34.47"
"","EU_AFTER_MAY2004","ALL","1988","44.17"
"CZE","","ALL","1992","19.25"
"CZE","","ALL","1991","20.17"
"AUT","","ALL","1995","18.63"
"SVN","","ALL","2011","8.82"
"","WHO_EURO","ALL","2008","39.19"
"ALB","","ALL","1999","21.73"
"SVN","","ALL","1993","32.45"
"SVN","","ALL","1997","24.21"
"SWE","","ALL","1983","9.99"
"ESP","","ALL","1985","27.92"
"SMR","","ALL","1999","0"
"ESP","","ALL","1982","20.97"
"AZE","","ALL","2013","62.23"
"ESP","","ALL","1980","12.93"
"ITA","","ALL","1998","10.06"
"ESP","","ALL","1984","26.28"
"TUR","","ALL","1987","58.3"
"TUR","","ALL","1986","60.55"
"LUX","","ALL","2005","7.95"
"CYP","","ALL","2008","6.07"
"TKM","","ALL","1987","57.62"
"GEO","","ALL","1982","42.3"
"ISR","","ALL","2002","7.09"
"LTU","","ALL","2000","75.92"
"POL","","ALL","1982","65.38"
"","EU_BEFORE_MAY2004","ALL","1998","13.26"
"BEL","","ALL","2016","8.67"
"","EU_AFTER_MAY2004","ALL","1992","46.08"
"AZE","","ALL","1986","56.29"
"UZB","","ALL","2011","52.3"
"AUT","","ALL","1997","17.49"
"AUT","","ALL","1996","16.21"
"FRA","","ALL","1991","14.92"
"CHE","","ALL","1991","16.68"
"GEO","","ALL","1990","28.26"
"GEO","","ALL","1987","33.92"
"RUS","","ALL","1999","92.55"
"BLR","","ALL","2006","52.83"
"ARM","","ALL","2010","43.3"
"ARM","","ALL","1996","28.56"
"SRB","","ALL","2011","30.04"
"BEL","","ALL","1994","15.04"
"LUX","","ALL","2011","4.82"
"ISL","","ALL","2006","4.27"
"","SEEHN","ALL","1992","55.27"
"PRT","","ALL","2009","25.68"
"MCO","","ALL","1998","0"
"","EU_MEMBERS","ALL","1995","23.23"
"ESP","","ALL","2007","16.37"
"BEL","","ALL","2000","12.47"
"","SEEHN","ALL","1990","51.18"
"HRV","","ALL","1991","45.09"
"NLD","","ALL","2015","5.02"
"DEU","","ALL","2016","7.11"
"DNK","","ALL","2002","7.5"
"DNK","","ALL","2013","5.88"
"LVA","","ALL","1990","34.02"
"","EU_AFTER_MAY2004","ALL","1999","50.61"
"UKR","","ALL","1993","38.45"
"ESP","","ALL","1991","23.08"
"ESP","","ALL","1989","20.72"
"EST","","ALL","1999","54.81"
"GEO","","ALL","1980","41.61"
"TKM","","ALL","1992","53.93"
"TKM","","ALL","1993","69.69"
"ITA","","ALL","2015","5.73"
"","EU_BEFORE_MAY2004","ALL","1993","15.52"
"AZE","","ALL","1984","53.48"
"AND","","ALL","2016","5.78"
"CHE","","ALL","1982","18.26"
"","SMALL","ALL","2006","10.77"
"CHE","","ALL","1986","13.55"
"KAZ","","ALL","1997","102.27"
"AZE","","ALL","1990","37.32"
"SWE","","ALL","1982","9.42"
"BLR","","ALL","2005","54.3"
"CHE","","ALL","1990","19.04"
"KAZ","","ALL","2001","176.46"
"HUN","","ALL","1993","40.64"
"SVN","","ALL","2009","9.11"
"GRC","","ALL","2003","5.39"
"MLT","","ALL","1987","4.06"
"NOR","","ALL","1985","9.01"
"GRC","","ALL","1986","15.72"
"CYP","","ALL","1991","7.23"
"NLD","","ALL","2010","6.18"
"NLD","","ALL","2009","6.81"
"BIH","","ALL","1999","78.02"
"BIH","","ALL","2004","60.19"
"SVK","","ALL","2001","18.33"
"CYP","","ALL","1995","5.53"
"ROU","","ALL","2014","75.62"
"CYP","","ALL","1998","6.63"
"CYP","","ALL","1996","3.63"
"RUS","","ALL","2016","64.42"
"CYP","","ALL","2004","4.1"
"TKM","","ALL","1985","49.84"
"ISR","","ALL","1984","6.18"
"EST","","ALL","1994","42.6"
"CYP","","ALL","2005","4.58"
"LTU","","ALL","1988","36.64"
"","CIS","ALL","1988","47.47"
"UZB","","ALL","1981","59.27"
"EST","","ALL","2014","17.93"
"NOR","","ALL","2012","6.83"
"LTU","","ALL","2004","60.29"
"","EU_AFTER_MAY2004","ALL","1982","55.08"
"","SMALL","ALL","2005","10.09"
"UZB","","ALL","2008","62.91"
"AZE","","ALL","1988","47.96"
"ALB","","ALL","2008","14.49"
"AUT","","ALL","1998","16.32"
"AZE","","ALL","1985","56.65"
"GRC","","ALL","2013","4.47"
"AND","","ALL","1994","37.05"
"MCO","","ALL","1985","3.7"
"AZE","","ALL","1980","50"
"RUS","","ALL","1988","46.11"
"LUX","","ALL","2013","6.99"
"LUX","","ALL","2009","5.42"
"KGZ","","ALL","2014","109.35"
"HUN","","ALL","1992","38.19"
"ALB","","ALL","1994","22.08"
"CZE","","ALL","1985","30.14"
"SVN","","ALL","1985","46.73"
"HUN","","ALL","1995","42.01"
"ITA","","ALL","1986","7.12"
"BLR","","ALL","1986","41.22"
"BLR","","ALL","1983","55.85"
"TUR","","ALL","1984","56.27"
"POL","","ALL","2005","21.5"
"POL","","ALL","2008","19.47"
"POL","","ALL","2003","26.51"
"POL","","ALL","2006","21.02"
"TUR","","ALL","1991","44.9"
"ESP","","ALL","1983","23.54"
"TUR","","ALL","1989","48.63"
"SMR","","ALL","2001","0"
"ITA","","ALL","2000","6.15"
"BEL","","ALL","1981","28.81"
"KAZ","","ALL","2011","151.52"
"EST","","ALL","2000","56.62"
"GBR","","ALL","2014","10.29"
"MKD","","ALL","2007","25.74"
"UZB","","ALL","1992","43.15"
"LTU","","ALL","2006","72.33"
"LTU","","ALL","2001","74.85"
"","EU_BEFORE_MAY2004","ALL","1992","15.46"
"HRV","","ALL","2016","10.63"
"","SMALL","ALL","2000","10.78"
"CHE","","ALL","1987","15.55"
"ISL","","ALL","2007","3.85"
"KAZ","","ALL","2003","235.73"
"RUS","","ALL","2011","78.98"
"BLR","","ALL","2004","55.4"
"RUS","","ALL","2006","87.51"
"HRV","","ALL","2015","11.41"
"ALB","","ALL","1998","20.69"
"ARM","","ALL","2007","52.13"
"MLT","","ALL","1988","3.45"
"","EU_BEFORE_MAY2004","ALL","1980","20.79"
"MCO","","ALL","1981","0"
"HRV","","ALL","1987","70.17"
"CHE","","ALL","1989","16.61"
"","SMALL","ALL","1991","13.41"
"","SMALL","ALL","1998","11.56"
"BEL","","ALL","1988","16.04"
"","EU_MEMBERS","ALL","1993","23.31"
"","EU_MEMBERS","ALL","1996","22.61"
"TJK","","ALL","2012","82.41"
"CHE","","ALL","1999","10.13"
"BEL","","ALL","1989","16.58"
"ESP","","ALL","2003","23.54"
"CHE","","ALL","2000","8.03"
"","CARINFONET","ALL","2012","74.31"
"CYP","","ALL","2016","6.76"
"LVA","","ALL","1992","36.53"
"BEL","","ALL","2008","8.77"
"UKR","","ALL","1994","39.91"
"IRL","","ALL","1994","15.17"
"KAZ","","ALL","2009","156.39"
"ESP","","ALL","1990","19.51"
"GBR","","ALL","2016","8.9"
"ALB","","ALL","1986","32.8"
"","CIS","ALL","2010","84.36"
"ISR","","ALL","2009","4.64"
"ISR","","ALL","2012","6.4"
"","EU_AFTER_MAY2004","ALL","1983","54.02"
"BLR","","ALL","2008","52.95"
"CHE","","ALL","2014","5.15"
"SWE","","ALL","1980","11.14"
"ROU","","ALL","2013","69.42"
"BLR","","ALL","2009","54.3"
"GEO","","ALL","1988","29.72"
"KAZ","","ALL","2000","173.8"
"BGR","","ALL","2003","41.71"
"UZB","","ALL","2014","62.25"
"EST","","ALL","1982","37.57"
"CZE","","ALL","1987","21.22"
"BLR","","ALL","2007","55.15"
"ROU","","ALL","2011","79.82"
"ARM","","ALL","1999","46.04"
"GBR","","ALL","1982","14.99"
"BIH","","ALL","2005","54.03"
"TJK","","ALL","1997","36.81"
"CYP","","ALL","1981","13.4"
"NOR","","ALL","1982","10.89"
"NLD","","ALL","2013","4.95"
"ROU","","ALL","2016","66.02"
"NLD","","ALL","2008","5.86"
"BLR","","ALL","2014","40.61"
"NLD","","ALL","2007","5.68"
"PRT","","ALL","2016","17.41"
"TJK","","ALL","1999","42.1"
"CYP","","ALL","1988","6.97"
"CYP","","ALL","1994","5.79"
"TKM","","ALL","1982","51.88"
"ISR","","ALL","1983","5.5"
"TJK","","ALL","2007","88.2"
"NOR","","ALL","1993","5.94"
"EST","","ALL","2002","44.95"
"CHE","","ALL","2008","6.05"
"BEL","","ALL","1982","26.9"
"","CIS","ALL","1989","45.26"
"ALB","","ALL","1987","29.75"
"AUT","","ALL","2012","7.36"
"ITA","","ALL","1981","5.56"
"ISR","","ALL","2013","3.82"
"CHE","","ALL","1988","18.22"
"KAZ","","ALL","1996","87.58"
"FIN","","ALL","2013","4.89"
"","SMALL","ALL","1995","11.15"
"MCO","","ALL","1986","7.41"
"MDA","","ALL","1981","70.32"
"BLR","","ALL","2001","55.21"
"RUS","","ALL","2013","74.25"
"KAZ","","ALL","1990","65.8"
"RUS","","ALL","2010","87.72"
"EST","","ALL","2010","21.48"
"BGR","","ALL","2000","40.99"
"MDA","","ALL","1996","67.57"
"MDA","","ALL","1988","58.12"
"HUN","","ALL","1988","37.9"
"HUN","","ALL","1990","34.59"
"SVN","","ALL","1992","32.07"
"SVN","","ALL","1995","26.42"
"HUN","","ALL","1996","42.7"
"CZE","","ALL","1984","35.36"
"AND","","ALL","2000","18.21"
"HUN","","ALL","2015","8.71"
"BLR","","ALL","1984","51.19"
"POL","","ALL","1998","34.4"
"TUR","","ALL","1988","52.05"
"EST","","ALL","1981","37.64"
"SMR","","ALL","2002","3.7"
"LUX","","ALL","1983","11.22"
"FRA","","ALL","1999","10.32"
"CZE","","ALL","2005","9.51"
"LUX","","ALL","1984","12.58"
"","EU_BEFORE_MAY2004","ALL","1999","12.36"
"ITA","","ALL","2001","7.53"
"FRA","","ALL","2008","8.72"
"SRB","","ALL","2016","20.64"
"CYP","","ALL","2007","5.31"
"MKD","","ALL","2009","21.94"
"HUN","","ALL","1987","38.87"
"UZB","","ALL","1989","53.14"
"LTU","","ALL","2005","63.63"
"LTU","","ALL","2008","65.54"
"","EU_BEFORE_MAY2004","ALL","1995","14.72"
"AZE","","ALL","1991","38.62"
"AZE","","ALL","1989","42.9"
"SMR","","ALL","1991","4.35"
"HRV","","ALL","1980","87.23"
"MCO","","ALL","1990","3.57"
"MCO","","ALL","1988","3.57"
"ALB","","ALL","2015","14.36"
"GBR","","ALL","2013","11.52"
"LTU","","ALL","1980","47.93"
"ARM","","ALL","2001","43.2"
"PRT","","ALL","2001","41.69"
"","EU_MEMBERS","ALL","1992","22.57"
"","SMALL","ALL","1993","11.89"
"","EU_AFTER_MAY2004","ALL","1981","56.5"
"","EU_AFTER_MAY2004","ALL","1980","59.7"
"LUX","","ALL","2010","5.72"
"","CARINFONET","ALL","2002","110.64"
"PRT","","ALL","2008","26.68"
"CYP","","ALL","1985","11.27"
"SVK","","ALL","2003","18.18"
"PRT","","ALL","2003","38.21"
"ESP","","ALL","1998","22.67"
"ISL","","ALL","2012","3.12"
"CHE","","ALL","1997","10.54"
"","WHO_EURO","ALL","1990","28.74"
"IRL","","ALL","1980","33.87"
"","CARINFONET","ALL","2011","87.46"
"IRL","","ALL","1992","17"
"LVA","","ALL","1987","36.09"
"","SEEHN","ALL","2010","52.85"
"LVA","","ALL","1989","32.13"
"","SEEHN","ALL","2012","48.02"
"ITA","","ALL","2002","6.88"
"","NORDIC","ALL","2016","5.63"
"NOR","","ALL","2013","7.13"
"ISR","","ALL","1988","5.09"
"RUS","","ALL","1994","48.26"
"LTU","","ALL","1998","84.97"
"LTU","","ALL","2012","54.72"
"","WHO_EURO","ALL","1982","38.75"
"","CIS","ALL","1996","65.11"
"HRV","","ALL","1986","71.05"
"MKD","","ALL","1994","37.41"
"LTU","","ALL","2002","70.11"
"POL","","ALL","1983","64.01"
"CZE","","ALL","1986","24.68"
"KAZ","","ALL","1998","136.82"
"AZE","","ALL","1981","50.86"
"SWE","","ALL","1981","10.52"
"MLT","","ALL","2006","7.4"
"ALB","","ALL","1980","39.31"
"MLT","","ALL","1990","3.67"
"","SMALL","ALL","2014","8.04"
"MLT","","ALL","1986","4.08"
"NOR","","ALL","1980","12.21"
"GRC","","ALL","1991","7.43"
"CYP","","ALL","1983","13.84"
"TJK","","ALL","1992","30.18"
"BLR","","ALL","1988","37.24"
"PRT","","ALL","2005","31.49"
"CYP","","ALL","1990","5.01"
"TJK","","ALL","2002","62.91"
"CYP","","ALL","1987","6.32"
"SMR","","ALL","2016","0"
"TJK","","ALL","2000","44.91"
"CYP","","ALL","1982","16.51"
"CYP","","ALL","2000","4.76"
"TJK","","ALL","2003","132.98"
"TJK","","ALL","2009","96.76"
"TJK","","ALL","2001","55.57"
"TJK","","ALL","2004","67.49"
"CYP","","ALL","2009","6.27"
"CHE","","ALL","2010","6.49"
"EST","","ALL","2003","42.53"
"ESP","","ALL","1992","24.88"
"LUX","","ALL","2002","6.95"
"TKM","","ALL","1991","62.93"
"UZB","","ALL","1996","51.53"
"EST","","ALL","2007","34.01"
"LTU","","ALL","2007","69.17"
"CZE","","ALL","1989","18.38"
"MDA","","ALL","1989","52.47"
"SMR","","ALL","1990","4.35"
"MCO","","ALL","1997","0"
"MKD","","ALL","2000","31.63"
"MKD","","ALL","2001","31.84"
"","NORDIC","ALL","2012","5.99"
"SWE","","ALL","2015","7.98"
"IRL","","ALL","2012","7.44"
"PRT","","ALL","1999","45.01"
"SVN","","ALL","2008","10.2"
"SVN","","ALL","2007","10.6"
"SVN","","ALL","2003","14.27"
"ALB","","ALL","2003","17.89"
"SVN","","ALL","2006","10.31"
"SVN","","ALL","1994","26.45"
"BLR","","ALL","1994","42.18"
"TKM","","ALL","2004","67.9"
"CHE","","ALL","1983","17.09"
"GEO","","ALL","2011","101.42"
"TJK","","ALL","1995","35.8"
"SVN","","ALL","1991","29.12"
"SVN","","ALL","1988","38"
"ITA","","ALL","1990","7.36"
"POL","","ALL","2001","26.54"
"BEL","","ALL","2014","7.89"
"CZE","","ALL","2009","6.02"
"POL","","ALL","2002","26.34"
"","EU_MEMBERS","ALL","2005","17.27"
"SVK","","ALL","2015","5.68"
"ISL","","ALL","1985","5.39"
"AZE","","ALL","2012","68.45"
"LUX","","ALL","1986","12.25"
"FRA","","ALL","2007","8.8"
"LTU","","ALL","1983","42.2"
"EST","","ALL","2001","51"
"BEL","","ALL","2015","8.24"
"TUR","","ALL","2016","15.37"
"CZE","","ALL","1981","41.85"
"CZE","","ALL","1988","19.77"
"ARM","","ALL","2016","33.94"
"ISL","","ALL","2001","4.21"
"MKD","","ALL","1995","39.98"
"RUS","","ALL","1997","81.51"
"FIN","","ALL","2014","4.6"
"AZE","","ALL","1992","38.83"
"MCO","","ALL","1992","3.57"
"MDA","","ALL","1997","79.58"
"ALB","","ALL","2005","16.8"
"","EU_MEMBERS","ALL","1986","24.99"
"MCO","","ALL","1987","7.41"
"MKD","","ALL","1997","34.7"
"","CIS","ALL","1990","37.31"
"","CIS","ALL","1994","48.08"
"LUX","","ALL","2012","8.48"
"CZE","","ALL","2015","4.82"
"","SMALL","ALL","1994","12.29"
"","EU_MEMBERS","ALL","2002","19.59"
"CYP","","ALL","1986","8.77"
"SVN","","ALL","1998","22.65"
"UKR","","ALL","1980","52.3"
"","SMALL","ALL","1992","12.28"
"","EU_BEFORE_MAY2004","ALL","1986","18.16"
"ESP","","ALL","2004","14.09"
"ESP","","ALL","2001","16.87"
"ESP","","ALL","2002","17.63"
"","WHO_EURO","ALL","1987","34.51"
"IRL","","ALL","1985","22.71"
"ESP","","ALL","2013","11.25"
"LVA","","ALL","1993","38.78"
"BEL","","ALL","2006","9.89"
"MKD","","ALL","2016","12.64"
"IRL","","ALL","1984","23.72"
"DNK","","ALL","2012","6.12"
"LUX","","ALL","1985","11.47"
"LUX","","ALL","1991","12.4"
"EST","","ALL","1998","59.16"
"BLR","","ALL","1982","55.98"
"TKM","","ALL","2000","90.56"
"TKM","","ALL","1988","54.76"
"RUS","","ALL","2002","90.18"
"","EU_AFTER_MAY2004","ALL","1984","51.24"
"BGR","","ALL","2015","22.64"
"ESP","","ALL","1996","21.21"
"MKD","","ALL","1998","30.88"
"BGR","","ALL","2009","35"
"","EU_AFTER_MAY2004","ALL","2016","23.8"
"FRA","","ALL","2013","7.38"
"MCO","","ALL","1984","0"
"AZE","","ALL","1982","50.66"
"MLT","","ALL","1998","4.24"
"ARM","","ALL","2006","54.7"
"ARM","","ALL","2002","44.6"
"GBR","","ALL","1985","11.79"
"BIH","","ALL","2003","46.69"
"DEU","","ALL","1994","15.94"
"IRL","","ALL","2009","9.58"
"GRC","","ALL","1997","7.12"
"SVN","","ALL","1990","36.13"
"","EU_MEMBERS","ALL","1999","21.05"
"GEO","","ALL","2010","104.67"
"HRV","","ALL","2014","11.65"
"CYP","","ALL","1993","5.91"
"TJK","","ALL","1998","41.22"
"ISR","","ALL","1980","6.42"
"TJK","","ALL","1991","38.95"
"FRA","","ALL","1998","10.16"
"TJK","","ALL","1996","28.72"
"CYP","","ALL","1997","7.01"
"MDA","","ALL","2015","88.67"
"BGR","","ALL","1980","37.01"
"SVN","","ALL","2014","6.87"
"EST","","ALL","1993","35.61"
"LUX","","ALL","1987","12.95"
"EST","","ALL","1996","48.25"
"LTU","","ALL","1985","40.99"
"LUX","","ALL","1992","6.37"
"LUX","","ALL","2006","6.98"
"RUS","","ALL","1995","57.85"
"","WHO_EURO","ALL","2015","29.4"
"LTU","","ALL","1996","72.41"
"","SMALL","ALL","2010","9.11"
"GEO","","ALL","1981","41.76"
"CYP","","ALL","2012","7.29"
"LTU","","ALL","1997","81.84"
"ITA","","ALL","1980","5.8"
"SRB","","ALL","2014","25.49"
"LTU","","ALL","2011","57.73"
"RUS","","ALL","1987","48.24"
"KAZ","","ALL","1999","167.34"
"BLR","","ALL","2002","51.78"
"","NORDIC","ALL","2004","5.71"
"MDA","","ALL","1993","55.79"
"BLR","","ALL","1999","73.13"
"SVN","","ALL","2013","6.75"
"SVN","","ALL","2002","16.94"
"HUN","","ALL","1991","35.26"
"BLR","","ALL","1990","29.76"
"","EU_MEMBERS","ALL","1998","22.4"
"GRC","","ALL","1987","11.93"
"BLR","","ALL","1985","48.94"
"CYP","","ALL","1989","4.05"
"GRC","","ALL","1981","75.38"
"UKR","","ALL","1984","48.01"
"CZE","","ALL","2004","10.06"
"FIN","","ALL","2001","8.87"
"HRV","","ALL","1989","60.02"
"CZE","","ALL","2010","5.89"
"ITA","","ALL","1999","7.78"
"","EU_BEFORE_MAY2004","ALL","1981","20.93"
"HRV","","ALL","1994","46.41"
"LVA","","ALL","2014","37.1"
"ITA","","ALL","1992","8.25"
"BEL","","ALL","2010","9.23"
"FRA","","ALL","2010","7.63"
"FRA","","ALL","2006","8.1"
"TKM","","ALL","1986","48.78"
"SWE","","ALL","2016","7.13"
"","NORDIC","ALL","2002","6.07"
"UZB","","ALL","1993","44.62"
"ISR","","ALL","2010","4.46"
"ISR","","ALL","2008","4.41"
"LTU","","ALL","1999","79.45"
"","SMALL","ALL","1999","11.14"
"BGR","","ALL","2008","38.62"
"","SEEHN","ALL","1983","52.7"
"TKM","","ALL","1998","81.55"
"","CARINFONET","ALL","1997","73.98"
"CZE","","ALL","1982","40.2"
"AUT","","ALL","1994","15.93"
"MCO","","ALL","1995","3.57"
"KAZ","","ALL","1991","64.39"
"POL","","ALL","2011","20.88"
"MCO","","ALL","1996","0"
"MCO","","ALL","1989","3.57"
"PRT","","ALL","2000","41.08"
"","EU_MEMBERS","ALL","2000","20.23"
"","CIS","ALL","1992","37.8"
"TJK","","ALL","2010","93.01"
"HUN","","ALL","1989","35.63"
"","SMALL","ALL","1988","11.77"
"UKR","","ALL","1983","47.82"
"CYP","","ALL","1984","7.29"
"TJK","","ALL","1994","15.91"
"HRV","","ALL","1990","53.91"
"MCO","","ALL","2000","0"
"POL","","ALL","2000","28.57"
"CHE","","ALL","1994","13.21"
"BEL","","ALL","1997","12.42"
"MDA","","ALL","2003","226.91"
"POL","","ALL","1988","48.96"
"LVA","","ALL","1985","47.42"
"ESP","","ALL","2011","13.9"
"TJK","","ALL","2006","81.4"
"IRL","","ALL","1986","17"
"KGZ","","ALL","1986","52.18"
"LUX","","ALL","1994","8.17"
"","CIS","ALL","1981","55.8"
"TJK","","ALL","2016","69.03"
"ISR","","ALL","1999","8.52"
"LTU","","ALL","1992","43.19"
"EST","","ALL","1988","30.16"
"LTU","","ALL","1995","65.08"
"TKM","","ALL","1999","93.34"
"UZB","","ALL","1987","51.27"
"UZB","","ALL","1988","51.8"
"KAZ","","ALL","1993","60.9"
"","NORDIC","ALL","1996","7.76"
"MCO","","ALL","1994","3.57"
"MKD","","ALL","1996","36.51"
"","NORDIC","ALL","1992","8.42"
"ARM","","ALL","2000","41.31"
"MLT","","ALL","1991","7.27"
"GRC","","ALL","2002","5.19"
"EST","","ALL","1984","35.95"
"ALB","","ALL","1982","35.15"
"GRC","","ALL","1988","9.04"
"GRC","","ALL","1999","8.6"
"BLR","","ALL","1987","38.85"
"","SMALL","ALL","1989","12.54"
"GEO","","ALL","2012","87.74"
"UKR","","ALL","2000","66.9"
"SWE","","ALL","1998","5.04"
"UKR","","ALL","2001","75.33"
"TJK","","ALL","1993","11.7"
"CYP","","ALL","1992","6.39"
"TJK","","ALL","1990","46.39"
"POL","","ALL","2004","22.78"
"HUN","","ALL","2012","11.68"
"MCO","","ALL","2002","0"
"BEL","","ALL","1999","10.99"
"POL","","ALL","1996","39.77"
"POL","","ALL","1993","43.76"
"TKM","","ALL","2007","69.04"
"ISL","","ALL","1981","9.97"
"EST","","ALL","1992","26.29"
"EST","","ALL","1995","43.43"
"SVK","","ALL","2016","5.18"
"","CIS","ALL","1984","52.8"
"HUN","","ALL","1981","49.68"
"AUT","","ALL","2010","7.92"
"LTU","","ALL","1989","37.48"
"AUT","","ALL","1980","29.19"
"","SEEHN","ALL","1985","50.36"
"GEO","","ALL","1984","35.61"
"MKD","","ALL","2008","21.98"
"","WHO_EURO","ALL","1981","41.42"
"","CIS","ALL","2000","89.32"
"RUS","","ALL","2003","90.44"
"KGZ","","ALL","2011","108.44"
"MDA","","ALL","1985","64.83"
"","NORDIC","ALL","2005","6.33"
"MDA","","ALL","1986","71.04"
"MDA","","ALL","1984","61.17"
"SVN","","ALL","2010","8.25"
"MLT","","ALL","2008","11.72"
"BLR","","ALL","1991","36.6"
"BLR","","ALL","1989","36.42"
"AND","","ALL","1991","42.27"
"DEU","","ALL","1999","12.15"
"SVN","","ALL","2000","18.49"
"SVN","","ALL","2004","12.47"
"GRC","","ALL","1982","53.05"
"GRC","","ALL","1980","56.13"
"AND","","ALL","1992","34.81"
"ITA","","ALL","1989","6.94"
"SVN","","ALL","1989","38.41"
"MCO","","ALL","2001","0"
"","EU_BEFORE_MAY2004","ALL","1987","16.26"
"POL","","ALL","2009","20.1"
"POL","","ALL","1997","36.14"
"MKD","","ALL","2015","13.61"
"SRB","","ALL","2008","37.02"
"GEO","","ALL","2016","80.04"
"FIN","","ALL","2016","4.07"
"LUX","","ALL","1981","12.34"
"FRA","","ALL","2005","8.2"
"","WHO_EURO","ALL","2010","36.82"
"ISR","","ALL","1994","7.32"
"CHE","","ALL","2016","6.84"
"MKD","","ALL","2010","18.69"
"GEO","","ALL","1985","34.69"
"ITA","","ALL","1982","6.8"
"","NORDIC","ALL","1995","8.07"
"ARM","","ALL","2012","40.11"
"ARM","","ALL","2013","46.23"
"ISL","","ALL","2000","4.62"
"","WHO_EURO","ALL","1980","41.67"
"","SMALL","ALL","1986","13.56"
"NOR","","ALL","2014","5.89"
"BGR","","ALL","2006","40.73"
"PRT","","ALL","2015","20.16"
"BGR","","ALL","2010","32.01"
"KAZ","","ALL","1992","64.36"
"KAZ","","ALL","1986","81.99"
"","EU_MEMBERS","ALL","1994","23.77"
"","SMALL","ALL","1985","13.91"
"LUX","","ALL","2008","5.73"
"HRV","","ALL","2010","15.57"
"SVN","","ALL","2001","18.02"
"BGR","","ALL","1993","37.92"
"AND","","ALL","1993","23.65"
"SWE","","ALL","2004","4.77"
"SWE","","ALL","1999","5.41"
"UKR","","ALL","2002","83.72"
"DNK","","ALL","1992","6.94"
"SVK","","ALL","1998","23.78"
"POL","","ALL","1999","31.48"
"MDA","","ALL","1999","74.34"
"ITA","","ALL","1996","7.31"
"","WHO_EURO","ALL","1988","32.83"
"POL","","ALL","1990","42.33"
"POL","","ALL","1994","43.21"
"POL","","ALL","1987","52.46"
"CZE","","ALL","1995","17.75"
"SRB","","ALL","2010","32"
"BEL","","ALL","2007","8.99"
"ARM","","ALL","1988","19.67"
"LUX","","ALL","1993","8.79"
"BEL","","ALL","1983","22.22"
"ISR","","ALL","2003","7.06"
"ISR","","ALL","1995","7.18"
"GEO","","ALL","1983","36.25"
"","CIS","ALL","2012","75.94"
"AUT","","ALL","1985","19.06"
"TKM","","ALL","1996","45.37"
"","EU_MEMBERS","ALL","1988","22.15"
"AUT","","ALL","2002","12.92"
"","NORDIC","ALL","1993","7.8"
"KAZ","","ALL","1987","82.18"
"ARM","","ALL","2005","68.56"
"ARM","","ALL","2009","48.09"
"MLT","","ALL","1997","2.93"
"","NORDIC","ALL","1981","17.53"
"","NORDIC","ALL","1980","18.32"
"UKR","","ALL","2008","82.1"
"NLD","","ALL","2011","5.81"
"NOR","","ALL","1981","11.24"
"SVN","","ALL","2005","13.44"
"DNK","","ALL","1987","6.28"
"GRC","","ALL","1989","10.59"
"DEU","","ALL","2000","11.03"
"EST","","ALL","1983","38.91"
"DEU","","ALL","1996","14.43"
"DEU","","ALL","1992","17.51"
"TJK","","ALL","2013","68.74"
"GEO","","ALL","2004","92.88"
"TJK","","ALL","1988","49.36"
"TUR","","ALL","1985","61.7"
"SVN","","ALL","1986","41.2"
"POL","","ALL","1995","41.36"
"CHE","","ALL","1995","11.79"
"","EU_BEFORE_MAY2004","ALL","1989","15.5"
"SRB","","ALL","2006","42.45"
"KAZ","","ALL","2014","87.75"
"POL","","ALL","1989","42.63"
"ISL","","ALL","1991","5.81"
"FIN","","ALL","2009","7.53"
"EST","","ALL","1997","53.16"
"TUR","","ALL","1995","38.46"
"MKD","","ALL","2003","34.39"
"CYP","","ALL","2013","4.76"
"RUS","","ALL","1993","43.3"
"ISL","","ALL","2003","1.73"
"POL","","ALL","2014","16.93"
"BGR","","ALL","2012","28.48"
"","EU_MEMBERS","ALL","2014","11.48"
"AUT","","ALL","1988","18.48"
"TKM","","ALL","2001","81.65"
"CZE","","ALL","1983","38.9"
"","NORDIC","ALL","2006","5.67"
"","NORDIC","ALL","2010","6.16"
"MDA","","ALL","1994","60.39"
"MDA","","ALL","1990","39.62"
"SWE","","ALL","2009","6.15"
"BLR","","ALL","1993","40.06"
"BLR","","ALL","1997","58.56"
"BLR","","ALL","1992","23.44"
"DNK","","ALL","1994","9.51"
"CHE","","ALL","2012","5.2"
"UKR","","ALL","1981","51.12"
"SVN","","ALL","1999","21.3"
"BLR","","ALL","1998","60.34"
"SWE","","ALL","1996","5.62"
"GEO","","ALL","2013","76.53"
"MNE","","ALL","2014","18.07"
"UKR","","ALL","2003","163.13"
"DEU","","ALL","1998","12.73"
"DEU","","ALL","2002","8.4"
"GEO","","ALL","2005","103.25"
"SVK","","ALL","2004","12.34"
"ITA","","ALL","1991","6.5"
"ITA","","ALL","1995","9.9"
"POL","","ALL","1991","43.13"
"CZE","","ALL","1994","18.96"
"","SEEHN","ALL","2007","65.32"
"","SEEHN","ALL","1996","65.01"
"NLD","","ALL","1984","9.71"
"FRA","","ALL","2004","8.45"
"ARM","","ALL","1991","20.52"
"","CIS","ALL","1980","56.51"
"LUX","","ALL","1998","10.32"
"BEL","","ALL","1987","17.95"
"AUT","","ALL","2005","11.28"
"KGZ","","ALL","2010","103.75"
"AUT","","ALL","2003","11.65"
"ESP","","ALL","1995","22.35"
"","CARINFONET","ALL","2000","99.2"
"KAZ","","ALL","1994","62.24"
"","SEEHN","ALL","1984","51.31"
"CHE","","ALL","1980","18.36"
"SVK","","ALL","2014","5.9"
"SWE","","ALL","2010","6.56"
"","EU_MEMBERS","ALL","1990","21.6"
"DEU","","ALL","2012","4.92"
"SWE","","ALL","2008","5.59"
"MCO","","ALL","1982","0"
"UKR","","ALL","1982","49.07"
"GRC","","ALL","1998","10.63"
"HUN","","ALL","1985","45.56"
"GRC","","ALL","1990","8.63"
"BGR","","ALL","1995","38.6"
"BGR","","ALL","1997","41.35"
"MLT","","ALL","2011","7.21"
"GRC","","ALL","1984","19.77"
"SWE","","ALL","2001","4.43"
"BGR","","ALL","1990","25.09"
"ROU","","ALL","2001","127.54"
"","WHO_EURO","ALL","1995","33.87"
"SVK","","ALL","1981","45.92"
"SVK","","ALL","1982","44.77"
"CHE","","ALL","1996","10.82"
"MCO","","ALL","2010","2.86"
"","EU_BEFORE_MAY2004","ALL","1982","20.46"
"NLD","","ALL","1981","12.17"
"CZE","","ALL","2000","13.76"
"TKM","","ALL","2003","88.95"
"ISL","","ALL","1984","10.86"
"UKR","","ALL","1995","41.85"
"FRA","","ALL","2002","9.57"
"","CARINFONET","ALL","1990","54.5"
"ISR","","ALL","1990","5.02"
"BIH","","ALL","2012","36.73"
"ISR","","ALL","2001","7.95"
"CZE","","ALL","1980","48.05"
"SRB","","ALL","2015","23.12"
"","EU_MEMBERS","ALL","1989","21.67"
"","NORDIC","ALL","1990","8.55"
"PRT","","ALL","2013","22.36"
"AUT","","ALL","2001","12.6"
"KGZ","","ALL","2012","110.48"
"RUS","","ALL","1980","53.63"
"","NORDIC","ALL","1987","11.38"
"ROU","","ALL","2009","96.15"
"MDA","","ALL","1995","67.42"
"GBR","","ALL","1984","12.46"
"ALB","","ALL","1981","35.01"
"UKR","","ALL","2013","80.69"
"BLR","","ALL","1996","54.61"
"KAZ","","ALL","1989","80.47"
"PRT","","ALL","1998","51.77"
"KGZ","","ALL","1988","51.18"
"GRC","","ALL","1983","39.4"
"BGR","","ALL","1998","49.86"
"SWE","","ALL","1997","5.15"
"KGZ","","ALL","1996","90.09"
"GEO","","ALL","2002","103.05"
"LVA","","ALL","1999","79.11"
"BEL","","ALL","2011","8.75"
"BIH","","ALL","1981","105.96"
"GEO","","ALL","2008","100.9"
"POL","","ALL","1992","43.14"
"ITA","","ALL","1994","10.23"
"NOR","","ALL","2009","6.79"
"ARM","","ALL","2014","44.21"
"DNK","","ALL","2016","5.1"
"ESP","","ALL","2008","17"
"IRL","","ALL","1989","19.12"
"FIN","","ALL","2008","6.23"
"DEU","","ALL","2015","7.03"
"KGZ","","ALL","1984","51.67"
"","CIS","ALL","1985","48.61"
"BEL","","ALL","1984","21.81"
"MKD","","ALL","1999","27.61"
"ESP","","ALL","1993","24.15"
"ESP","","ALL","1997","23.77"
"AUT","","ALL","1987","18.35"
"ISR","","ALL","2011","5.31"
"TKM","","ALL","1997","74.04"
"","CIS","ALL","2001","88.65"
"TKM","","ALL","1995","43.27"
"MDA","","ALL","1983","69.08"
"LVA","","ALL","2015","35.37"
"RUS","","ALL","1998","76.11"
"","CIS","ALL","2007","89.52"
"KAZ","","ALL","1988","82.52"
"PRT","","ALL","1997","50.55"
"BLR","","ALL","2000","67.96"
"","SMALL","ALL","1987","13.02"
"NOR","","ALL","2016","5.27"
"DEU","","ALL","1995","14.94"
"BGR","","ALL","2001","48.8"
"BGR","","ALL","1994","62.72"
"KGZ","","ALL","1999","131.82"
"GRC","","ALL","1985","15.66"
"SWE","","ALL","2000","4.7"
"BGR","","ALL","2002","42.38"
"MDA","","ALL","2011","118.9"
"","EU_AFTER_MAY2004","ALL","2003","50.41"
"SWE","","ALL","2003","4.42"
"","WHO_EURO","ALL","1996","37.42"
"CZE","","ALL","2006","9.17"
"","EU_BEFORE_MAY2004","ALL","1985","17.83"
"","EU_BEFORE_MAY2004","ALL","1983","19.47"
"TUR","","ALL","1981","87.79"
"","EU_AFTER_MAY2004","ALL","2007","38.67"
"TKM","","ALL","2013","58.13"
"TKM","","ALL","2005","66.03"
"SRB","","ALL","2007","39.17"
"ISL","","ALL","1989","7.12"
"FRA","","ALL","2009","7.87"
"","EU_BEFORE_MAY2004","ALL","2002","10.78"
"ISR","","ALL","1986","5.56"
"ISR","","ALL","1989","3.54"
"AUT","","ALL","2004","10.96"
"ARM","","ALL","2011","38.58"
"ISL","","ALL","2004","3.76"
"","WHO_EURO","ALL","1985","35.57"
"ISL","","ALL","1997","3.69"
"","SEEHN","ALL","1982","54.27"
"DNK","","ALL","1985","6.1"
"PRT","","ALL","1995","55.62"
"","EU_MEMBERS","ALL","1991","21.26"
"","WHO_EURO","ALL","2012","33.16"
"","NORDIC","ALL","1983","15.36"
"GBR","","ALL","1980","18.62"
"UKR","","ALL","2010","74.1"
"PRT","","ALL","1996","52.15"
"IRL","","ALL","2015","6.36"
"","CIS","ALL","2008","88.42"
"DNK","","ALL","1988","5.93"
"GBR","","ALL","1981","16.48"
"GRC","","ALL","1996","8.82"
"SWE","","ALL","1995","6.39"
"MDA","","ALL","2010","116.09"
"KGZ","","ALL","1992","57.88"
"KGZ","","ALL","2004","120.51"
"KGZ","","ALL","2008","128.93"
"GEO","","ALL","2003","124.37"
"UKR","","ALL","2005","84.41"
"SWE","","ALL","1988","6.35"
"SVK","","ALL","1983","44.23"
"ITA","","ALL","1993","8.33"
"ITA","","ALL","1997","8.08"
"CZE","","ALL","2001","12.63"
"ESP","","ALL","2005","16.78"
"ESP","","ALL","2009","15.66"
"IRL","","ALL","1988","15.09"
"MDA","","ALL","2005","143"
"IRL","","ALL","1987","16.4"
"GEO","","ALL","1998","140.44"
"ISL","","ALL","1990","7.06"
"","CIS","ALL","1982","53.88"
"LUX","","ALL","1996","9.87"
"AUT","","ALL","2013","7.36"
"","CIS","ALL","1999","86.24"
"RUS","","ALL","1985","45.2"
"","SEEHN","ALL","2014","45.41"
"ROU","","ALL","2008","101.02"
"","EU_MEMBERS","ALL","1983","27.55"
"ROU","","ALL","2005","120.73"
"ARM","","ALL","2008","51.17"
"RUS","","ALL","1983","51.95"
"ROU","","ALL","2007","104.89"
"MDA","","ALL","1992","42.17"
"MDA","","ALL","1987","65.52"
"BGR","","ALL","2007","37.18"
"NOR","","ALL","1984","9.01"
"ISL","","ALL","2011","2.51"
"DEU","","ALL","1997","13.6"
"NLD","","ALL","2016","5.16"
"MCO","","ALL","1983","0"
"","CIS","ALL","2004","95"
"DEU","","ALL","2010","4.96"
"KGZ","","ALL","2002","133.18"
"","CIS","ALL","2006","91.25"
"","CARINFONET","ALL","2003","150.36"
"MDA","","ALL","2013","126.03"
"MNE","","ALL","2005","25.03"
"","EU_BEFORE_MAY2004","ALL","2012","8.23"
"BIH","","ALL","1983","106.94"
"SVK","","ALL","1984","41.97"
"GEO","","ALL","2006","103.57"
"TUR","","ALL","1983","59.9"
"CZE","","ALL","1990","18.69"
"","EU_AFTER_MAY2004","ALL","2005","43.07"
"CZE","","ALL","1999","15.61"
"","EU_AFTER_MAY2004","ALL","2002","50.48"
"","SEEHN","ALL","2003","84.39"
"TKM","","ALL","2008","74.68"
"TKM","","ALL","2010","64.06"
"KAZ","","ALL","2016","69.01"
"IRL","","ALL","2008","9.72"
"LUX","","ALL","1995","7.81"
"BEL","","ALL","1985","19.84"
"MKD","","ALL","2004","31.68"
"CYP","","ALL","2011","6.01"
"ISR","","ALL","1997","7.24"
"RUS","","ALL","1991","34"
"RUS","","ALL","1990","34.24"
"ISR","","ALL","1991","10.21"
"","NORDIC","ALL","2000","7.31"
"HUN","","ALL","1984","41.92"
"FIN","","ALL","2012","4.82"
"MKD","","ALL","2011","16.27"
"KAZ","","ALL","1985","78.72"
"DEU","","ALL","2007","5.66"
"BGR","","ALL","2004","38.88"
"DEU","","ALL","2006","6.24"
"DNK","","ALL","1990","6.81"
"MCO","","ALL","1991","0"
"BIH","","ALL","2015","28.66"
"DEU","","ALL","2009","5.09"
"","EU_AFTER_MAY2004","ALL","2008","36.96"
"UZB","","ALL","2015","54.58"
"SVK","","ALL","1996","27.97"
"KGZ","","ALL","2001","135.05"
"","SEEHN","ALL","1997","66.45"
"LVA","","ALL","1994","44.87"
"KGZ","","ALL","1990","52.87"
"","EU_MEMBERS","ALL","2009","14.68"
"GEO","","ALL","2001","91.33"
"GEO","","ALL","2009","128.93"
"SVK","","ALL","1985","38.53"
"GEO","","ALL","2007","98.26"
"CZE","","ALL","2003","11.06"
"","EU_BEFORE_MAY2004","ALL","1988","15.36"
"CZE","","ALL","1993","18.04"
"CZE","","ALL","1996","19.09"
"ESP","","ALL","2010","14.95"
"CHE","","ALL","2002","8.15"
"ISL","","ALL","1988","6.4"
"LUX","","ALL","1990","12.57"
"IRL","","ALL","2011","8.48"
"ISR","","ALL","1985","8.69"
"","NORDIC","ALL","1997","7.51"
"PRT","","ALL","1993","54.66"
"LUX","","ALL","2007","8.12"
"LUX","","ALL","2003","11.96"
"FRA","","ALL","2011","7.47"
"PRT","","ALL","1990","62.24"
"ISR","","ALL","2015","3.47"
"","CARINFONET","ALL","2009","99.25"
"ARM","","ALL","1997","32.38"
"","SEEHN","ALL","2011","49.8"
"GBR","","ALL","1986","12.07"
"MDA","","ALL","1982","78.01"
"AZE","","ALL","2015","56.54"
"DNK","","ALL","1991","6.48"
"UKR","","ALL","2007","80.98"
"UKR","","ALL","2012","90.26"
"","CIS","ALL","2003","114.52"
"TUR","","ALL","2012","18.81"
"GRC","","ALL","2000","6.44"
"KGZ","","ALL","1998","122.26"
"BGR","","ALL","1999","42.99"
"FRA","","ALL","2014","7.07"
"FIN","","ALL","2010","5.74"
"MDA","","ALL","2012","123.87"
"MNE","","ALL","2009","18.05"
"BIH","","ALL","1989","94.16"
"","EU_MEMBERS","ALL","2006","16.68"
"SVK","","ALL","1990","27.33"
"SVK","","ALL","1987","35.03"
"SVK","","ALL","1994","32.91"
"CZE","","ALL","2002","11.33"
"TUR","","ALL","1982","56.72"
"MCO","","ALL","1999","10"
"SRB","","ALL","2005","43.11"
"TKM","","ALL","2011","53.55"
"TKM","","ALL","2009","61.78"
"MKD","","ALL","2012","16.79"
"","CARINFONET","ALL","1984","60.68"
"FIN","","ALL","2005","6.46"
"","EU_BEFORE_MAY2004","ALL","2001","10.67"
"ISR","","ALL","1992","6.73"
"ESP","","ALL","2015","8.67"
"IRL","","ALL","2001","10.22"
"RUS","","ALL","1984","52.51"
"KGZ","","ALL","2009","110.17"
"KGZ","","ALL","2015","117.96"
"","NORDIC","ALL","1985","14.15"
"","NORDIC","ALL","1991","8.29"
"MNE","","ALL","2012","15.79"
"DNK","","ALL","1989","6.39"
"MDA","","ALL","1991","43.8"
"BGR","","ALL","2005","41.67"
"PRT","","ALL","1994","56.24"
"UKR","","ALL","2011","75.2"
"CHE","","ALL","1981","18.78"
"NLD","","ALL","2014","4.83"
"DEU","","ALL","2001","8.45"
"GRC","","ALL","1995","8.83"
"BGR","","ALL","1996","37.18"
"SWE","","ALL","2005","5.97"
"GRC","","ALL","1992","8.87"
"LVA","","ALL","1995","62.01"
"KGZ","","ALL","2003","263.41"
"SVK","","ALL","1992","32.66"
"UKR","","ALL","2006","88.54"
"MNE","","ALL","2006","26.75"
"LVA","","ALL","1998","90.54"
"","EU_BEFORE_MAY2004","ALL","2006","9.94"
"SVK","","ALL","1991","30.66"
"SVK","","ALL","1993","33.79"
"SVK","","ALL","1988","31.44"
"CZE","","ALL","1998","17.53"
"","EU_AFTER_MAY2004","ALL","2000","49.99"
"ITA","","ALL","1984","6.09"
"TKM","","ALL","2006","65.79"
"BEL","","ALL","2001","12.84"
"MLT","","ALL","2010","7"
"NLD","","ALL","1987","8.37"
"ARM","","ALL","1990","17.6"
"FRA","","ALL","2012","7.41"
"LUX","","ALL","1997","9.03"
"ISR","","ALL","1993","7.96"
"","CIS","ALL","2011","80.04"
"","CIS","ALL","2002","90.71"
"MDA","","ALL","2001","99.35"
"ISR","","ALL","1996","6.49"
"GRC","","ALL","2012","4.67"
"TKM","","ALL","1990","63.58"
"ROU","","ALL","2006","112.56"
"GBR","","ALL","1983","13.88"
"","SMALL","ALL","1984","13.86"
"SVN","","ALL","2012","6.52"
"GBR","","ALL","1988","10.18"
"SWE","","ALL","2011","5.69"
"KGZ","","ALL","1989","49.65"
"HRV","","ALL","2011","14.06"
"TUR","","ALL","2013","17.32"
"","CIS","ALL","2009","91.2"
"KGZ","","ALL","1995","75.71"
"KGZ","","ALL","1991","56.89"
"MCO","","ALL","1980","3.85"
"","CARINFONET","ALL","2007","104.44"
"","CARINFONET","ALL","2005","111.94"
"","CARINFONET","ALL","1994","58.57"
"ITA","","ALL","2003","7.58"
"BIH","","ALL","1986","106.68"
"","EU_MEMBERS","ALL","2007","15.56"
"BIH","","ALL","1980","107.93"
"SVK","","ALL","1989","28.45"
"MKD","","ALL","2002","33.96"
"CZE","","ALL","2014","4.5"
"TUR","","ALL","1980","82.47"
"DNK","","ALL","2014","5.19"
"ITA","","ALL","1985","7.2"
"ITA","","ALL","1987","5.72"
"POL","","ALL","1985","58.19"
"UZB","","ALL","1983","51.23"
"ISL","","ALL","1987","4.88"
"NLD","","ALL","1980","12.02"
"TUR","","ALL","2015","15.95"
"SVN","","ALL","2016","5.72"
"GBR","","ALL","2011","13.38"
"SWE","","ALL","2013","6.35"
"HRV","","ALL","2013","12.01"
"","CARINFONET","ALL","1998","86.81"
"DNK","","ALL","1984","5.91"
"KAZ","","ALL","1983","86.07"
"DNK","","ALL","1986","5.84"
"ISL","","ALL","1998","6.21"
"EST","","ALL","1986","33.89"
"ROU","","ALL","2002","136.51"
"ALB","","ALL","1991","19.26"
"SVN","","ALL","1987","39.81"
"DEU","","ALL","2008","5.04"
"TUR","","ALL","2010","21.71"
"SRB","","ALL","2009","34.57"
"IRL","","ALL","1999","12.16"
"DEU","","ALL","2005","6.91"
"IRL","","ALL","2003","10.25"
"SWE","","ALL","2006","5.4"
"","SEEHN","ALL","1999","70.1"
"SVK","","ALL","1995","28.71"
"KGZ","","ALL","2006","119.55"
"LVA","","ALL","2000","83.72"
"EST","","ALL","2008","29.99"
"","EU_BEFORE_MAY2004","ALL","2013","7.85"
"BEL","","ALL","2013","8.1"
"SWE","","ALL","1986","7.65"
"","NORDIC","ALL","1994","7.79"
"ROU","","ALL","2004","131.82"
"LTU","","ALL","2016","47.26"
"PRT","","ALL","2014","20.85"
"","SEEHN","ALL","2002","76.79"
"CZE","","ALL","1997","17.8"
"RUS","","ALL","1981","52.7"
"RUS","","ALL","1982","51.57"
"MNE","","ALL","2011","17.74"
"HRV","","ALL","1992","45.77"
"","CARINFONET","ALL","1981","71.03"
"","CARINFONET","ALL","1987","62.62"
"","WHO_EURO","ALL","2002","43.02"
"IRL","","ALL","2013","7.75"
"","CARINFONET","ALL","1989","62.26"
"SWE","","ALL","2007","5.03"
"TKM","","ALL","1984","50.9"
"AZE","","ALL","2014","60.11"
"","SEEHN","ALL","2000","71.91"
"SWE","","ALL","2012","6.23"
"","CARINFONET","ALL","1993","49.12"
"ROU","","ALL","2012","75.56"
"","SEEHN","ALL","1980","54.37"
"BGR","","ALL","2013","26.57"
"TUR","","ALL","2011","20.28"
"HRV","","ALL","1982","80.53"
"BIH","","ALL","1982","112.61"
"HRV","","ALL","1983","78.4"
"TUR","","ALL","2008","24.61"
"KGZ","","ALL","1994","61.39"
"MDA","","ALL","1980","69.33"
"ROU","","ALL","1999","116.25"
"AUT","","ALL","1986","18.19"
"ITA","","ALL","2013","5.01"
"MNE","","ALL","2013","19.16"
"MNE","","ALL","2007","23.48"
"BGR","","ALL","1992","36.25"
"EST","","ALL","2005","35.36"
"","EU_BEFORE_MAY2004","ALL","2009","9.15"
"LUX","","ALL","1989","11.92"
"KGZ","","ALL","1982","54.56"
"","SEEHN","ALL","1981","53.44"
"AUT","","ALL","2006","10.34"
"KGZ","","ALL","2000","126.96"
"AUT","","ALL","1989","17.51"
"","CIS","ALL","2005","92"
"","SEEHN","ALL","1998","70.48"
"TUR","","ALL","2009","23.28"
"TKM","","ALL","2002","74.46"
"BEL","","ALL","1996","13.27"
"NLD","","ALL","1982","10.58"
"DEU","","ALL","1990","18.46"
"DEU","","ALL","2004","7.51"
"ITA","","ALL","2005","6.63"
"IRL","","ALL","2002","9.57"
"HRV","","ALL","2012","12.63"
"GBR","","ALL","2012","12.98"
"","CARINFONET","ALL","2004","108.85"
"MKD","","ALL","1993","88.58"
"","SMALL","ALL","1983","15.57"
"KGZ","","ALL","1993","54.54"
"KAZ","","ALL","1980","96.57"
"ROU","","ALL","2000","122.44"
"ARM","","ALL","1998","42.65"
"GBR","","ALL","1987","10.09"
"LVA","","ALL","1997","82.33"
"","EU_BEFORE_MAY2004","ALL","2005","10.07"
"EST","","ALL","1980","41.56"
"LUX","","ALL","1988","4.28"
"ITA","","ALL","2010","7.5"
"KAZ","","ALL","1984","80.51"
"","SEEHN","ALL","2013","45.86"
"SVK","","ALL","2000","18.7"
"ROU","","ALL","2003","136.53"
"SVK","","ALL","1997","24.11"
"UKR","","ALL","1997","56.19"
"BIH","","ALL","1996","63"
"BGR","","ALL","1984","31.87"
"TKM","","ALL","2012","56.87"
"NLD","","ALL","1983","9.9"
"MDA","","ALL","2009","125.39"
"BGR","","ALL","2014","25.34"
"","CARINFONET","ALL","1982","66.92"
"","CARINFONET","ALL","2008","94.52"
"EST","","ALL","2011","22.15"
"IRL","","ALL","1997","11.35"
"","CARINFONET","ALL","1991","52.94"
"IRL","","ALL","2007","10.03"
"","EU_MEMBERS","ALL","1981","29.19"
"KAZ","","ALL","1982","90.52"
"ITA","","ALL","2009","6.79"
"ISL","","ALL","1996","4.09"
"ARM","","ALL","1995","30.67"
"DEU","","ALL","2013","5.2"
"BEL","","ALL","1998","11.79"
"ITA","","ALL","2007","4.64"
"IRL","","ALL","2005","10.24"
"SVK","","ALL","1999","20.39"
"HRV","","ALL","1984","77.72"
"IRL","","ALL","2000","10.19"
"ISL","","ALL","1992","6.13"
"","SMALL","ALL","1982","15.77"
"SWE","","ALL","2002","4.2"
"HRV","","ALL","1995","44.26"
"EST","","ALL","2013","19.95"
"CHE","","ALL","2003","7.79"
"LVA","","ALL","1996","71.67"
"ITA","","ALL","2011","5.76"
"IRL","","ALL","1993","16.74"
"KGZ","","ALL","2005","123.72"
"DNK","","ALL","1983","6.8"
"","EU_BEFORE_MAY2004","ALL","2000","11.57"
"","CARINFONET","ALL","2006","111.69"
"HUN","","ALL","1986","42.54"
"ISR","","ALL","1998","10.99"
"PRT","","ALL","1992","59.55"
"ARM","","ALL","2003","47.89"
"KGZ","","ALL","1997","112.69"
"","CARINFONET","ALL","1999","97.35"
"HRV","","ALL","1981","87.39"
"GEO","","ALL","1996","76.29"
"","EU_MEMBERS","ALL","1982","28.53"
"MNE","","ALL","2016","13.9"
"ITA","","ALL","2004","6.82"
"","CARINFONET","ALL","1996","62.48"
"ISR","","ALL","2000","8.54"
"LVA","","ALL","2001","85.57"
"UKR","","ALL","1998","55.47"
"BIH","","ALL","1984","111.61"
"BEL","","ALL","2012","8.17"
"RUS","","ALL","2015","69.42"
"NLD","","ALL","1985","9.4"
"MKD","","ALL","2013","15.34"
"LVA","","ALL","2003","73.69"
"NLD","","ALL","1995","10.47"
"BIH","","ALL","1990","90.95"
"","CARINFONET","ALL","1988","62.04"
"IRL","","ALL","1998","11.45"
"LVA","","ALL","2004","69.77"
"POL","","ALL","2015","16.22"
"","WHO_EURO","ALL","2011","35.1"
"AUT","","ALL","2015","6.6"
"","CIS","ALL","2016","63.02"
"TUR","","ALL","2005","28.8"
"AUT","","ALL","2007","9.78"
"","EU_MEMBERS","ALL","1980","29.81"
"LVA","","ALL","1991","35.58"
"KAZ","","ALL","1981","92.03"
"TKM","","ALL","2014","48.42"
"CZE","","ALL","2011","5.41"
"AUT","","ALL","2009","7.95"
"BGR","","ALL","2011","29.27"
"BIH","","ALL","1997","75.82"
"ISL","","ALL","1995","4.49"
"SWE","","ALL","1994","6.12"
"","EU_BEFORE_MAY2004","ALL","2003","11.51"
"","EU_AFTER_MAY2004","ALL","2014","26.62"
"BLR","","ALL","2011","49.58"
"TUR","","ALL","2007","26.74"
"TUR","","ALL","2001","26.5"
"IRL","","ALL","2004","10.09"
"ISL","","ALL","2002","2.78"
"ARM","","ALL","1994","22.43"
"GEO","","ALL","1997","186.38"
"LVA","","ALL","2002","78.05"
"MKD","","ALL","1992","83.23"
"PRT","","ALL","1991","60.04"
"NLD","","ALL","2005","6.91"
"NLD","","ALL","2002","8.39"
"BLR","","ALL","1980","61.84"
"","EU_BEFORE_MAY2004","ALL","2010","8.96"
"HRV","","ALL","2002","32.48"
"TJK","","ALL","1985","54.52"
"CHE","","ALL","2015","6.4"
"DEU","","ALL","2011","4.97"
"","SEEHN","ALL","2001","76.03"
"LUX","","ALL","2015","5.29"
"BGR","","ALL","1985","28.52"
"","SEEHN","ALL","1986","50.68"
"HRV","","ALL","1985","76.67"
"BIH","","ALL","1985","109.04"
"BIH","","ALL","1991","78.48"
"NLD","","ALL","1991","8.93"
"SWE","","ALL","1992","7.04"
"MLT","","ALL","2016","11.92"
"SVK","","ALL","1980","49.45"
"CHE","","ALL","2005","6.91"
"ISL","","ALL","1993","4.17"
"DNK","","ALL","1981","7.69"
"ITA","","ALL","2012","5.2"
"","CARINFONET","ALL","1995","52.77"
"FIN","","ALL","2007","5.67"
"IRL","","ALL","2010","8.68"
"TJK","","ALL","1987","56.09"
"GEO","","ALL","2014","79.31"
"TKM","","ALL","1989","60.85"
"","CARINFONET","ALL","1986","61.86"
"NLD","","ALL","1992","9.65"
"AND","","ALL","2015","5.68"
"MDA","","ALL","2016","100.51"
"ISL","","ALL","2016","1.81"
"HRV","","ALL","2009","18.78"
"TUR","","ALL","2002","27.33"
"CZE","","ALL","2012","5.38"
"ITA","","ALL","2006","7.03"
"KGZ","","ALL","2007","117.11"
"MDA","","ALL","2000","80.64"
"MNE","","ALL","2008","20.83"
"ISL","","ALL","1994","6.77"
"NLD","","ALL","1989","8.87"
"MLT","","ALL","2015","7.64"
"BGR","","ALL","1986","28.24"
"GEO","","ALL","1999","107.65"
"ISL","","ALL","1982","10.68"
"FIN","","ALL","2002","8.63"
"KGZ","","ALL","2016","116.44"
"CYP","","ALL","1980","13.57"
"ARM","","ALL","1989","19.63"
"HUN","","ALL","2014","8.08"
"CZE","","ALL","2013","4.48"
"ISR","","ALL","1987","4.21"
"TUR","","ALL","2000","28.07"
"LUX","","ALL","2016","5.03"
"SWE","","ALL","1993","7.07"
"","CARINFONET","ALL","1985","59.84"
"NLD","","ALL","2006","6.13"
"NLD","","ALL","1997","9.52"
"ARM","","ALL","1987","23.2"
"NOR","","ALL","2015","5.49"
"TJK","","ALL","1986","55.44"
"SRB","","ALL","2013","29.39"
"ROU","","ALL","1997","106.02"
"","SMALL","ALL","1980","17.13"
"","SMALL","ALL","1981","15.78"
"ARM","","ALL","1983","22.06"
"TUR","","ALL","1999","34.86"
"MDA","","ALL","2007","135.79"
"MLT","","ALL","2009","10.18"
"SWE","","ALL","1985","8.41"
"FIN","","ALL","2006","5.32"
"GEO","","ALL","2000","99.52"
"TJK","","ALL","1989","50.71"
"","EU_BEFORE_MAY2004","ALL","2011","8.62"
"TJK","","ALL","1984","54.79"
"","CARINFONET","ALL","1980","72.08"
"BGR","","ALL","1989","25.6"
"GRC","","ALL","2016","3.73"
"DNK","","ALL","1982","7.39"
"IRL","","ALL","2006","10.4"
"BIH","","ALL","1988","93.1"
"EST","","ALL","1987","28.73"
"","CARINFONET","ALL","1992","50.67"
"NLD","","ALL","1996","10.8"
"NLD","","ALL","2001","8.77"
"FIN","","ALL","2003","7.58"
"NLD","","ALL","1999","8.84"
"","EU_BEFORE_MAY2004","ALL","2008","9.5"
"ISL","","ALL","1999","3.61"
"ITA","","ALL","2008","6.9"
"LVA","","ALL","2005","62.94"
"BIH","","ALL","1987","103.78"
"FIN","","ALL","2011","5.86"
"TUR","","ALL","2006","28.29"
"SWE","","ALL","1990","6.51"
"HRV","","ALL","1996","48.38"
"DEU","","ALL","2014","5.37"
"TJK","","ALL","1982","62.97"
"NLD","","ALL","1986","8.5"
"BGR","","ALL","1987","26.22"
"","EU_BEFORE_MAY2004","ALL","2004","9.77"
"BGR","","ALL","1981","33.82"
"NLD","","ALL","1994","11.77"
"KGZ","","ALL","1983","51.12"
"ISL","","ALL","1986","5.35"
"KGZ","","ALL","1987","50.38"
"NLD","","ALL","1988","9.09"
"ARM","","ALL","1985","23.77"
"SWE","","ALL","1987","6.49"
"BGR","","ALL","1983","32.35"
"HRV","","ALL","2005","23.64"
"UZB","","ALL","2010","59.11"
"ISR","","ALL","2016","3.05"
"LVA","","ALL","2016","32.78"
"IRL","","ALL","2016","6.22"
"LTU","","ALL","2014","50.77"
"LVA","","ALL","2006","58.15"
"TUR","","ALL","2003","26.8"
"NLD","","ALL","1990","9.16"
"TJK","","ALL","1981","64.8"
"DNK","","ALL","1980","8.39"
"TJK","","ALL","2015","69.49"
"NLD","","ALL","2003","8.07"
"NLD","","ALL","1993","10.38"
"GRC","","ALL","2015","4"
"HRV","","ALL","2001","31.01"
"ISL","","ALL","1983","10.12"
"IRL","","ALL","1995","12.72"
"BGR","","ALL","1982","33.63"
"TUR","","ALL","2004","25.9"
"MDA","","ALL","2004","133.35"
"IRL","","ALL","1996","11.97"
"BGR","","ALL","1991","29.01"
"MDA","","ALL","1998","71.86"
"","EU_MEMBERS","ALL","2008","15.39"
"SWE","","ALL","1991","6.05"
"DNK","","ALL","2011","6.45"
"BLR","","ALL","2012","50.54"
"HRV","","ALL","1997","44.92"
"HRV","","ALL","2004","26.35"
"FIN","","ALL","2004","6.1"
"MDA","","ALL","2006","139.18"
"MDA","","ALL","2008","125.04"
"TUR","","ALL","1997","41.71"
"","EU_BEFORE_MAY2004","ALL","2007","9.21"
"SWE","","ALL","1989","7.01"
"ARM","","ALL","2015","36.12"
"HRV","","ALL","2008","22.1"
"HRV","","ALL","2003","31.32"
"TJK","","ALL","1983","57.56"
"HRV","","ALL","1993","47.69"
"ROU","","ALL","1998","114.47"
"HRV","","ALL","1998","47.05"
"NLD","","ALL","2004","8.08"
"ARM","","ALL","1984","24.2"
"BLR","","ALL","2013","47.22"
"","WHO_EURO","ALL","2016","27.76"
"","SEEHN","ALL","2008","61.42"
"ARM","","ALL","1992","6.38"
"","SEEHN","ALL","2009","58.69"
"KGZ","","ALL","1985","52.48"
"HRV","","ALL","2007","21.44"
"CHE","","ALL","2006","6.32"
"HRV","","ALL","1999","38.76"
"HUN","","ALL","2016","7.5"
"NLD","","ALL","2000","7.81"
"CHE","","ALL","2004","7.46"
"CHE","","ALL","2001","7.6"
"HRV","","ALL","2006","23.18"
"BGR","","ALL","1988","26.58"
"HRV","","ALL","2000","37.2"
"POL","","ALL","2012","18.53"
"KGZ","","ALL","1981","56.57"
"NLD","","ALL","1998","8.54"
"UKR","","ALL","1999","66.22"
"BEL","","ALL","2009","8.5"

"Последнее обновление","2019.08.14 07:31:22 GMT"
"Описание","Заболеваемость туберкулезом, на 100000 населения"
"Ссылка","https://dw.euro.who.int/api/v3/measures/HFA_305?lang=Ru"

"Авторские права"
"© Европейское региональное бюро ВОЗ, 2019 г. Все права защищены.","http://www.euro.who.int/ru/home/copyright-notice"
